[
    {
        "articul": "284s",
        "title": "Apple",
        "cost": 15,
        "image": "https://cdn0.iconfinder.com/data/icons/fruity-3/512/Apple-64.png"
    },
    {
        "articul": "2s8d",
        "title": "Lemon",
        "cost": 30,
        "image": "https://cdn0.iconfinder.com/data/icons/fruity-3/512/Lemon-64.png"
    },
    {
        "articul": "32mv",
        "title": "Mango",
        "cost": 300,
        "image": "https://cdn0.iconfinder.com/data/icons/fruity-3/512/Mango-64.png"
    },
    {
        "articul": "36vv",
        "title": "Pear",
        "cost": 25,
        "image": "https://cdn0.iconfinder.com/data/icons/fruity-3/512/Pear-64.png"
    }
]